driver,allocated_change,standalone_change
Positions / trades,1979.202341764816,1983.241065718932
Market prices,-10861.519120281679,-10885.17381081963
FX levels,-1191.2284765376244,-1197.2589876968414
Rates / spreads,-85.10915401147213,-84.19937677262351
Option volatility levels,391.0285161745269,357.427359957248
Equity / ETF volatility,633.1653048134176,635.6237869309261
FX volatility,-34.97074453544337,-34.674371022265404
Rate / spread volatility,55.23010762676131,54.77149837836623
Other factor volatility,0.7762012745952234,1.1540140307042748
Correlation,1214.9204643995035,1221.267046222929
Valuation date / roll,-42.84469964110758,-40.80020019877702
