factor,CAD_1,CAD_10,CAD_2,CAD_30,CAD_5,EQ_CA,EQ_US,ETF_US,FX_USD,SPREAD_CA,USD_1,USD_10,USD_2,USD_30,USD_5,VOL_US
CAD_1,2.82134397220211e-07,1.409685426090109e-07,1.4011607959879502e-07,1.3975937512908714e-07,1.4281874402784597e-07,-2.3796151021046823e-07,-9.488010232756741e-08,1.5042258801658216e-07,1.3818103280471232e-07,1.0646497828818329e-08,1.4361035200862783e-07,1.2886449894563898e-07,1.304079786708179e-07,1.4622139773585062e-07,1.561617339849864e-07,4.012551000928379e-07
CAD_10,1.409685426090109e-07,2.6698539500206015e-07,1.3233499472375572e-07,1.3956599377714357e-07,1.3138013277454893e-07,3.7342744925935703e-07,3.2524949329819873e-07,1.024845464366049e-07,-3.083051723486469e-08,1.2399586849620198e-08,1.6175922253448562e-07,1.343716981020134e-07,1.2320121172950833e-07,1.5170815320698647e-07,1.566188616114411e-07,2.940247092140449e-07
CAD_2,1.4011607959879502e-07,1.3233499472375572e-07,2.3588153044748672e-07,1.2956502663250933e-07,1.4514639224173281e-07,-1.4380054433984622e-08,-2.7388349994595867e-07,3.579211236120701e-08,-1.0167571858344173e-08,1.0861241125354071e-08,1.5921806325397082e-07,1.2876767194286501e-07,1.1918111856246972e-07,1.2254842986956197e-07,1.510954054217355e-07,2.745129984827029e-07
CAD_30,1.3975937512908714e-07,1.3956599377714357e-07,1.2956502663250933e-07,2.801339964839086e-07,1.3677237143890436e-07,5.405129145285626e-07,-1.9682693655676687e-08,9.933464976969623e-08,1.661627723220633e-08,7.833238852133483e-09,1.405670180084077e-07,1.260503502568732e-07,1.3101126194210064e-07,1.4729045413009491e-07,1.530325929277502e-07,3.583345064091412e-07
CAD_5,1.4281874402784597e-07,1.3138013277454893e-07,1.4514639224173281e-07,1.3677237143890436e-07,2.522585666230515e-07,-2.063868992423457e-07,-2.8536380323620174e-07,1.410630049414048e-07,6.977081967662955e-08,6.648972870738213e-09,1.518488448738237e-07,1.320318250936489e-07,1.1534084724671198e-07,1.3832546988138132e-07,1.3356024382940227e-07,2.273870746293765e-07
EQ_CA,-2.3796151021046823e-07,3.7342744925935703e-07,-1.4380054433984622e-08,5.405129145285626e-07,-2.063868992423457e-07,0.0001188064853098227,6.594164619614944e-05,1.4742433160600263e-06,-1.951286629878488e-06,1.2199459372714076e-07,2.3972023906300003e-07,1.313620158152036e-07,-1.1705347407370863e-07,-2.7660178132866556e-08,-1.4186972346342534e-07,-2.8271278723193156e-06
EQ_US,-9.488010232756741e-08,3.2524949329819873e-07,-2.7388349994595867e-07,-1.9682693655676687e-08,-2.8536380323620174e-07,6.594164619614944e-05,0.00017970207668547956,4.199002300061955e-06,1.1638370267357701e-06,1.6083646179878135e-07,3.8805275189308175e-07,-5.920740150045698e-07,1.6917822775647052e-07,1.2544460014563402e-08,-1.9390459991429527e-07,1.8305910179802605e-07
ETF_US,1.5042258801658216e-07,1.024845464366049e-07,3.579211236120701e-08,9.933464976969623e-08,1.410630049414048e-07,1.4742433160600263e-06,4.199002300061955e-06,1.6458871427949265e-05,6.835559731675194e-08,6.25466855616842e-07,3.1768428963482694e-08,5.3327764163925734e-08,-1.1666482479674889e-07,-3.3168038682285153e-08,-1.2546051345472963e-07,1.3135865642043303e-05
FX_USD,1.3818103280471232e-07,-3.083051723486469e-08,-1.0167571858344173e-08,1.661627723220633e-08,6.977081967662955e-08,-1.951286629878488e-06,1.1638370267357701e-06,6.835559731675194e-08,5.872997074764038e-06,6.592408016454761e-08,4.687857799043112e-08,3.5003846212298847e-08,1.2686300995693854e-07,-8.082391055315357e-08,6.912781204854452e-08,9.073784808438237e-07
SPREAD_CA,1.0646497828818329e-08,1.2399586849620198e-08,1.0861241125354071e-08,7.833238852133483e-09,6.648972870738213e-09,1.2199459372714076e-07,1.6083646179878135e-07,6.25466855616842e-07,6.592408016454761e-08,9.607887940604857e-08,1.1434283453426781e-08,2.269014937426786e-09,-3.572863082161317e-09,-7.478625592512899e-09,-1.514817222687757e-08,9.927143531202993e-07
USD_1,1.4361035200862783e-07,1.6175922253448562e-07,1.5921806325397082e-07,1.405670180084077e-07,1.518488448738237e-07,2.3972023906300003e-07,3.8805275189308175e-07,3.1768428963482694e-08,4.687857799043112e-08,1.1434283453426781e-08,3.072727985999829e-07,1.392951085515519e-07,1.2942360197555044e-07,1.4914359238188333e-07,1.7474096717138185e-07,4.084439607047544e-08
USD_10,1.2886449894563898e-07,1.343716981020134e-07,1.2876767194286501e-07,1.260503502568732e-07,1.320318250936489e-07,1.313620158152036e-07,-5.920740150045698e-07,5.3327764163925734e-08,3.5003846212298847e-08,2.269014937426786e-09,1.392951085515519e-07,2.4063021200271615e-07,1.0112874570542204e-07,1.2763303573175445e-07,1.5290675249520406e-07,3.760408977433928e-07
USD_2,1.304079786708179e-07,1.2320121172950833e-07,1.1918111856246972e-07,1.3101126194210064e-07,1.1534084724671198e-07,-1.1705347407370863e-07,1.6917822775647052e-07,-1.1666482479674889e-07,1.2686300995693854e-07,-3.572863082161317e-09,1.2942360197555044e-07,1.0112874570542204e-07,2.3621335011648519e-07,1.1747477439193568e-07,1.3414392805425324e-07,1.3571406307746797e-09
USD_30,1.4622139773585062e-07,1.5170815320698647e-07,1.2254842986956197e-07,1.4729045413009491e-07,1.3832546988138132e-07,-2.7660178132866556e-08,1.2544460014563402e-08,-3.3168038682285153e-08,-8.082391055315357e-08,-7.478625592512899e-09,1.4914359238188333e-07,1.2763303573175445e-07,1.1747477439193568e-07,2.603489624784902e-07,1.574160773856155e-07,2.379801575901019e-07
USD_5,1.561617339849864e-07,1.566188616114411e-07,1.510954054217355e-07,1.530325929277502e-07,1.3356024382940227e-07,-1.4186972346342534e-07,-1.9390459991429527e-07,-1.2546051345472963e-07,6.912781204854452e-08,-1.514817222687757e-08,1.7474096717138185e-07,1.5290675249520406e-07,1.3414392805425324e-07,1.574160773856155e-07,3.060301765299025e-07,1.8699942382975183e-09
VOL_US,4.012551000928379e-07,2.940247092140449e-07,2.745129984827029e-07,3.583345064091412e-07,2.273870746293765e-07,-2.8271278723193156e-06,1.8305910179802605e-07,1.3135865642043303e-05,9.073784808438237e-07,9.927143531202993e-07,4.084439607047544e-08,3.760408977433928e-07,1.3571406307746797e-09,2.379801575901019e-07,1.8699942382975183e-09,3.672209748536293e-05
