date,currency,base_currency,rate,source,retrieval_timestamp
2025-01-02,USD,CAD,1.3309153912033813,SYNTHETIC: seeded teaching dataset; not observed market data,2026-09-01T00:00:00+00:00
2025-01-03,USD,CAD,1.3252854592401428,SYNTHETIC: seeded teaching dataset; not observed market data,2026-09-01T00:00:00+00:00
2025-01-06,USD,CAD,1.3187091663168615,SYNTHETIC: seeded teaching dataset; not observed market data,2026-09-01T00:00:00+00:00
2025-01-07,USD,CAD,1.3034818794268856,SYNTHETIC: seeded teaching dataset; not observed market data,2026-09-01T00:00:00+00:00
2025-01-08,USD,CAD,1.3069559397506214,SYNTHETIC: seeded teaching dataset; not observed market data,2026-09-01T00:00:00+00:00
2025-01-09,USD,CAD,1.3187784199248713,SYNTHETIC: seeded teaching dataset; not observed market data,2026-09-01T00:00:00+00:00
2025-01-10,USD,CAD,1.3237499286758825,SYNTHETIC: seeded teaching dataset; not observed market data,2026-09-01T00:00:00+00:00
2025-01-13,USD,CAD,1.3184272468066602,SYNTHETIC: seeded teaching dataset; not observed market data,2026-09-01T00:00:00+00:00
2025-01-14,USD,CAD,1.315208992889026,SYNTHETIC: seeded teaching dataset; not observed market data,2026-09-01T00:00:00+00:00
2025-01-15,USD,CAD,1.2955393812406566,SYNTHETIC: seeded teaching dataset; not observed market data,2026-09-01T00:00:00+00:00
2025-01-16,USD,CAD,1.2918396421274454,SYNTHETIC: seeded teaching dataset; not observed market data,2026-09-01T00:00:00+00:00
2025-01-17,USD,CAD,1.2878255083624552,SYNTHETIC: seeded teaching dataset; not observed market data,2026-09-01T00:00:00+00:00
2025-01-20,USD,CAD,1.2894567274390571,SYNTHETIC: seeded teaching dataset; not observed market data,2026-09-01T00:00:00+00:00
2025-01-21,USD,CAD,1.2860589566634955,SYNTHETIC: seeded teaching dataset; not observed market data,2026-09-01T00:00:00+00:00
2025-01-22,USD,CAD,1.2851431975636909,SYNTHETIC: seeded teaching dataset; not observed market data,2026-09-01T00:00:00+00:00
2025-01-23,USD,CAD,1.2746861105794418,SYNTHETIC: seeded teaching dataset; not observed market data,2026-09-01T00:00:00+00:00
2025-01-24,USD,CAD,1.2696863834370968,SYNTHETIC: seeded teaching dataset; not observed market data,2026-09-01T00:00:00+00:00
2025-01-27,USD,CAD,1.2690744287773688,SYNTHETIC: seeded teaching dataset; not observed market data,2026-09-01T00:00:00+00:00
2025-01-28,USD,CAD,1.275785503162704,SYNTHETIC: seeded teaching dataset; not observed market data,2026-09-01T00:00:00+00:00
2025-01-29,USD,CAD,1.2648789052930294,SYNTHETIC: seeded teaching dataset; not observed market data,2026-09-01T00:00:00+00:00
2025-01-30,USD,CAD,1.2595099908849274,SYNTHETIC: seeded teaching dataset; not observed market data,2026-09-01T00:00:00+00:00
2025-01-31,USD,CAD,1.2613120051888473,SYNTHETIC: seeded teaching dataset; not observed market data,2026-09-01T00:00:00+00:00
2025-02-03,USD,CAD,1.2669638413919777,SYNTHETIC: seeded teaching dataset; not observed market data,2026-09-01T00:00:00+00:00
2025-02-04,USD,CAD,1.2610124619703964,SYNTHETIC: seeded teaching dataset; not observed market data,2026-09-01T00:00:00+00:00
2025-02-05,USD,CAD,1.2770391014838967,SYNTHETIC: seeded teaching dataset; not observed market data,2026-09-01T00:00:00+00:00
2025-02-06,USD,CAD,1.2700841734778263,SYNTHETIC: seeded teaching dataset; not observed market data,2026-09-01T00:00:00+00:00
2025-02-07,USD,CAD,1.262780297508435,SYNTHETIC: seeded teaching dataset; not observed market data,2026-09-01T00:00:00+00:00
2025-02-10,USD,CAD,1.2563756053519404,SYNTHETIC: seeded teaching dataset; not observed market data,2026-09-01T00:00:00+00:00
2025-02-11,USD,CAD,1.2495262927066564,SYNTHETIC: seeded teaching dataset; not observed market data,2026-09-01T00:00:00+00:00
2025-02-12,USD,CAD,1.252222725971378,SYNTHETIC: seeded teaching dataset; not observed market data,2026-09-01T00:00:00+00:00
2025-02-13,USD,CAD,1.253392676180944,SYNTHETIC: seeded teaching dataset; not observed market data,2026-09-01T00:00:00+00:00
2025-02-14,USD,CAD,1.2498649715576118,SYNTHETIC: seeded teaching dataset; not observed market data,2026-09-01T00:00:00+00:00
2025-02-17,USD,CAD,1.2456926885568849,SYNTHETIC: seeded teaching dataset; not observed market data,2026-09-01T00:00:00+00:00
2025-02-18,USD,CAD,1.2447008092944685,SYNTHETIC: seeded teaching dataset; not observed market data,2026-09-01T00:00:00+00:00
2025-02-19,USD,CAD,1.2427885248680601,SYNTHETIC: seeded teaching dataset; not observed market data,2026-09-01T00:00:00+00:00
2025-02-20,USD,CAD,1.2464679487580748,SYNTHETIC: seeded teaching dataset; not observed market data,2026-09-01T00:00:00+00:00
2025-02-21,USD,CAD,1.2445023737022636,SYNTHETIC: seeded teaching dataset; not observed market data,2026-09-01T00:00:00+00:00
2025-02-24,USD,CAD,1.2510093313005093,SYNTHETIC: seeded teaching dataset; not observed market data,2026-09-01T00:00:00+00:00
2025-02-25,USD,CAD,1.2489829212061212,SYNTHETIC: seeded teaching dataset; not observed market data,2026-09-01T00:00:00+00:00
2025-02-26,USD,CAD,1.250771293099054,SYNTHETIC: seeded teaching dataset; not observed market data,2026-09-01T00:00:00+00:00
2025-02-27,USD,CAD,1.250452529626963,SYNTHETIC: seeded teaching dataset; not observed market data,2026-09-01T00:00:00+00:00
2025-02-28,USD,CAD,1.2499140200363255,SYNTHETIC: seeded teaching dataset; not observed market data,2026-09-01T00:00:00+00:00
2025-03-03,USD,CAD,1.251717977967004,SYNTHETIC: seeded teaching dataset; not observed market data,2026-09-01T00:00:00+00:00
2025-03-04,USD,CAD,1.2524458996829078,SYNTHETIC: seeded teaching dataset; not observed market data,2026-09-01T00:00:00+00:00
2025-03-05,USD,CAD,1.2462294075289206,SYNTHETIC: seeded teaching dataset; not observed market data,2026-09-01T00:00:00+00:00
2025-03-06,USD,CAD,1.2589480801666013,SYNTHETIC: seeded teaching dataset; not observed market data,2026-09-01T00:00:00+00:00
2025-03-07,USD,CAD,1.2626512125974465,SYNTHETIC: seeded teaching dataset; not observed market data,2026-09-01T00:00:00+00:00
2025-03-10,USD,CAD,1.2634212071665234,SYNTHETIC: seeded teaching dataset; not observed market data,2026-09-01T00:00:00+00:00
2025-03-11,USD,CAD,1.264068109848742,SYNTHETIC: seeded teaching dataset; not observed market data,2026-09-01T00:00:00+00:00
2025-03-12,USD,CAD,1.2794761993902375,SYNTHETIC: seeded teaching dataset; not observed market data,2026-09-01T00:00:00+00:00
2025-03-13,USD,CAD,1.277713462018696,SYNTHETIC: seeded teaching dataset; not observed market data,2026-09-01T00:00:00+00:00
2025-03-14,USD,CAD,1.2795571790005666,SYNTHETIC: seeded teaching dataset; not observed market data,2026-09-01T00:00:00+00:00
2025-03-17,USD,CAD,1.2696598731086643,SYNTHETIC: seeded teaching dataset; not observed market data,2026-09-01T00:00:00+00:00
2025-03-18,USD,CAD,1.2722757286903932,SYNTHETIC: seeded teaching dataset; not observed market data,2026-09-01T00:00:00+00:00
2025-03-19,USD,CAD,1.2666995244755053,SYNTHETIC: seeded teaching dataset; not observed market data,2026-09-01T00:00:00+00:00
2025-03-20,USD,CAD,1.273758721363496,SYNTHETIC: seeded teaching dataset; not observed market data,2026-09-01T00:00:00+00:00
2025-03-21,USD,CAD,1.2708315414543108,SYNTHETIC: seeded teaching dataset; not observed market data,2026-09-01T00:00:00+00:00
2025-03-24,USD,CAD,1.2724859775419466,SYNTHETIC: seeded teaching dataset; not observed market data,2026-09-01T00:00:00+00:00
2025-03-25,USD,CAD,1.2539562748839725,SYNTHETIC: seeded teaching dataset; not observed market data,2026-09-01T00:00:00+00:00
2025-03-26,USD,CAD,1.2584609217707887,SYNTHETIC: seeded teaching dataset; not observed market data,2026-09-01T00:00:00+00:00
2025-03-27,USD,CAD,1.257038673358175,SYNTHETIC: seeded teaching dataset; not observed market data,2026-09-01T00:00:00+00:00
2025-03-28,USD,CAD,1.2534870028706222,SYNTHETIC: seeded teaching dataset; not observed market data,2026-09-01T00:00:00+00:00
2025-03-31,USD,CAD,1.262000918761073,SYNTHETIC: seeded teaching dataset; not observed market data,2026-09-01T00:00:00+00:00
2025-04-01,USD,CAD,1.2706495713385029,SYNTHETIC: seeded teaching dataset; not observed market data,2026-09-01T00:00:00+00:00
2025-04-02,USD,CAD,1.2754222697122835,SYNTHETIC: seeded teaching dataset; not observed market data,2026-09-01T00:00:00+00:00
2025-04-03,USD,CAD,1.2675290428081292,SYNTHETIC: seeded teaching dataset; not observed market data,2026-09-01T00:00:00+00:00
2025-04-04,USD,CAD,1.2734979023517392,SYNTHETIC: seeded teaching dataset; not observed market data,2026-09-01T00:00:00+00:00
2025-04-07,USD,CAD,1.271222524992999,SYNTHETIC: seeded teaching dataset; not observed market data,2026-09-01T00:00:00+00:00
2025-04-08,USD,CAD,1.2661945872478513,SYNTHETIC: seeded teaching dataset; not observed market data,2026-09-01T00:00:00+00:00
2025-04-09,USD,CAD,1.2529768093474256,SYNTHETIC: seeded teaching dataset; not observed market data,2026-09-01T00:00:00+00:00
2025-04-10,USD,CAD,1.2512431006572795,SYNTHETIC: seeded teaching dataset; not observed market data,2026-09-01T00:00:00+00:00
2025-04-11,USD,CAD,1.2530062757656246,SYNTHETIC: seeded teaching dataset; not observed market data,2026-09-01T00:00:00+00:00
2025-04-14,USD,CAD,1.2485921643649627,SYNTHETIC: seeded teaching dataset; not observed market data,2026-09-01T00:00:00+00:00
2025-04-15,USD,CAD,1.2443362235018691,SYNTHETIC: seeded teaching dataset; not observed market data,2026-09-01T00:00:00+00:00
2025-04-16,USD,CAD,1.2457960225674816,SYNTHETIC: seeded teaching dataset; not observed market data,2026-09-01T00:00:00+00:00
2025-04-17,USD,CAD,1.2520098181770738,SYNTHETIC: seeded teaching dataset; not observed market data,2026-09-01T00:00:00+00:00
2025-04-18,USD,CAD,1.2482454657464244,SYNTHETIC: seeded teaching dataset; not observed market data,2026-09-01T00:00:00+00:00
2025-04-21,USD,CAD,1.2455909068600817,SYNTHETIC: seeded teaching dataset; not observed market data,2026-09-01T00:00:00+00:00
2025-04-22,USD,CAD,1.248119739558024,SYNTHETIC: seeded teaching dataset; not observed market data,2026-09-01T00:00:00+00:00
2025-04-23,USD,CAD,1.2503264063638633,SYNTHETIC: seeded teaching dataset; not observed market data,2026-09-01T00:00:00+00:00
2025-04-24,USD,CAD,1.2466348827473652,SYNTHETIC: seeded teaching dataset; not observed market data,2026-09-01T00:00:00+00:00
2025-04-25,USD,CAD,1.2456441387105257,SYNTHETIC: seeded teaching dataset; not observed market data,2026-09-01T00:00:00+00:00
2025-04-28,USD,CAD,1.246999037573783,SYNTHETIC: seeded teaching dataset; not observed market data,2026-09-01T00:00:00+00:00
2025-04-29,USD,CAD,1.2539073330800314,SYNTHETIC: seeded teaching dataset; not observed market data,2026-09-01T00:00:00+00:00
2025-04-30,USD,CAD,1.2489165236645619,SYNTHETIC: seeded teaching dataset; not observed market data,2026-09-01T00:00:00+00:00
2025-05-01,USD,CAD,1.2591497157736429,SYNTHETIC: seeded teaching dataset; not observed market data,2026-09-01T00:00:00+00:00
2025-05-02,USD,CAD,1.2543002599755209,SYNTHETIC: seeded teaching dataset; not observed market data,2026-09-01T00:00:00+00:00
2025-05-05,USD,CAD,1.2579595220713695,SYNTHETIC: seeded teaching dataset; not observed market data,2026-09-01T00:00:00+00:00
2025-05-06,USD,CAD,1.2569936956489594,SYNTHETIC: seeded teaching dataset; not observed market data,2026-09-01T00:00:00+00:00
2025-05-07,USD,CAD,1.2566898772491677,SYNTHETIC: seeded teaching dataset; not observed market data,2026-09-01T00:00:00+00:00
2025-05-08,USD,CAD,1.253788449317416,SYNTHETIC: seeded teaching dataset; not observed market data,2026-09-01T00:00:00+00:00
2025-05-09,USD,CAD,1.254924128744865,SYNTHETIC: seeded teaching dataset; not observed market data,2026-09-01T00:00:00+00:00
2025-05-12,USD,CAD,1.2490209293368684,SYNTHETIC: seeded teaching dataset; not observed market data,2026-09-01T00:00:00+00:00
2025-05-13,USD,CAD,1.2491066048386195,SYNTHETIC: seeded teaching dataset; not observed market data,2026-09-01T00:00:00+00:00
2025-05-14,USD,CAD,1.237224812231823,SYNTHETIC: seeded teaching dataset; not observed market data,2026-09-01T00:00:00+00:00
2025-05-15,USD,CAD,1.2255838943273105,SYNTHETIC: seeded teaching dataset; not observed market data,2026-09-01T00:00:00+00:00
2025-05-16,USD,CAD,1.2169505562594236,SYNTHETIC: seeded teaching dataset; not observed market data,2026-09-01T00:00:00+00:00
2025-05-19,USD,CAD,1.2217002726645825,SYNTHETIC: seeded teaching dataset; not observed market data,2026-09-01T00:00:00+00:00
2025-05-20,USD,CAD,1.2216140716631354,SYNTHETIC: seeded teaching dataset; not observed market data,2026-09-01T00:00:00+00:00
2025-05-21,USD,CAD,1.2136264361285907,SYNTHETIC: seeded teaching dataset; not observed market data,2026-09-01T00:00:00+00:00
2025-05-22,USD,CAD,1.220142564865687,SYNTHETIC: seeded teaching dataset; not observed market data,2026-09-01T00:00:00+00:00
2025-05-23,USD,CAD,1.2256467096424717,SYNTHETIC: seeded teaching dataset; not observed market data,2026-09-01T00:00:00+00:00
2025-05-26,USD,CAD,1.222024440937957,SYNTHETIC: seeded teaching dataset; not observed market data,2026-09-01T00:00:00+00:00
2025-05-27,USD,CAD,1.2192229691741592,SYNTHETIC: seeded teaching dataset; not observed market data,2026-09-01T00:00:00+00:00
2025-05-28,USD,CAD,1.2018539267674475,SYNTHETIC: seeded teaching dataset; not observed market data,2026-09-01T00:00:00+00:00
2025-05-29,USD,CAD,1.1998955538820086,SYNTHETIC: seeded teaching dataset; not observed market data,2026-09-01T00:00:00+00:00
2025-05-30,USD,CAD,1.205009764910007,SYNTHETIC: seeded teaching dataset; not observed market data,2026-09-01T00:00:00+00:00
2025-06-02,USD,CAD,1.2073372065583658,SYNTHETIC: seeded teaching dataset; not observed market data,2026-09-01T00:00:00+00:00
2025-06-03,USD,CAD,1.2060861822319568,SYNTHETIC: seeded teaching dataset; not observed market data,2026-09-01T00:00:00+00:00
2025-06-04,USD,CAD,1.2067052534419307,SYNTHETIC: seeded teaching dataset; not observed market data,2026-09-01T00:00:00+00:00
2025-06-05,USD,CAD,1.200383700246771,SYNTHETIC: seeded teaching dataset; not observed market data,2026-09-01T00:00:00+00:00
2025-06-06,USD,CAD,1.1986468808503579,SYNTHETIC: seeded teaching dataset; not observed market data,2026-09-01T00:00:00+00:00
2025-06-09,USD,CAD,1.1934183474666573,SYNTHETIC: seeded teaching dataset; not observed market data,2026-09-01T00:00:00+00:00
2025-06-10,USD,CAD,1.1958277447923988,SYNTHETIC: seeded teaching dataset; not observed market data,2026-09-01T00:00:00+00:00
2025-06-11,USD,CAD,1.1938041418681204,SYNTHETIC: seeded teaching dataset; not observed market data,2026-09-01T00:00:00+00:00
2025-06-12,USD,CAD,1.1964616802518389,SYNTHETIC: seeded teaching dataset; not observed market data,2026-09-01T00:00:00+00:00
2025-06-13,USD,CAD,1.194081654950407,SYNTHETIC: seeded teaching dataset; not observed market data,2026-09-01T00:00:00+00:00
2025-06-16,USD,CAD,1.2052852195698547,SYNTHETIC: seeded teaching dataset; not observed market data,2026-09-01T00:00:00+00:00
2025-06-17,USD,CAD,1.2053434308696078,SYNTHETIC: seeded teaching dataset; not observed market data,2026-09-01T00:00:00+00:00
2025-06-18,USD,CAD,1.205753406086834,SYNTHETIC: seeded teaching dataset; not observed market data,2026-09-01T00:00:00+00:00
2025-06-19,USD,CAD,1.2121057295235889,SYNTHETIC: seeded teaching dataset; not observed market data,2026-09-01T00:00:00+00:00
2025-06-20,USD,CAD,1.213689017383333,SYNTHETIC: seeded teaching dataset; not observed market data,2026-09-01T00:00:00+00:00
2025-06-23,USD,CAD,1.2185591359093977,SYNTHETIC: seeded teaching dataset; not observed market data,2026-09-01T00:00:00+00:00
2025-06-24,USD,CAD,1.221010768591672,SYNTHETIC: seeded teaching dataset; not observed market data,2026-09-01T00:00:00+00:00
2025-06-25,USD,CAD,1.2243747565429648,SYNTHETIC: seeded teaching dataset; not observed market data,2026-09-01T00:00:00+00:00
2025-06-26,USD,CAD,1.22961860921322,SYNTHETIC: seeded teaching dataset; not observed market data,2026-09-01T00:00:00+00:00
2025-06-27,USD,CAD,1.2360280324456507,SYNTHETIC: seeded teaching dataset; not observed market data,2026-09-01T00:00:00+00:00
2025-06-30,USD,CAD,1.2400003755313038,SYNTHETIC: seeded teaching dataset; not observed market data,2026-09-01T00:00:00+00:00
2025-07-01,USD,CAD,1.246464452516512,SYNTHETIC: seeded teaching dataset; not observed market data,2026-09-01T00:00:00+00:00
2025-07-02,USD,CAD,1.23800653212134,SYNTHETIC: seeded teaching dataset; not observed market data,2026-09-01T00:00:00+00:00
2025-07-03,USD,CAD,1.2435912323181884,SYNTHETIC: seeded teaching dataset; not observed market data,2026-09-01T00:00:00+00:00
2025-07-04,USD,CAD,1.2508515424413702,SYNTHETIC: seeded teaching dataset; not observed market data,2026-09-01T00:00:00+00:00
2025-07-07,USD,CAD,1.2595050302333577,SYNTHETIC: seeded teaching dataset; not observed market data,2026-09-01T00:00:00+00:00
2025-07-08,USD,CAD,1.2583845225922785,SYNTHETIC: seeded teaching dataset; not observed market data,2026-09-01T00:00:00+00:00
2025-07-09,USD,CAD,1.2706666071780415,SYNTHETIC: seeded teaching dataset; not observed market data,2026-09-01T00:00:00+00:00
2025-07-10,USD,CAD,1.2689657991756247,SYNTHETIC: seeded teaching dataset; not observed market data,2026-09-01T00:00:00+00:00
2025-07-11,USD,CAD,1.2700824920771938,SYNTHETIC: seeded teaching dataset; not observed market data,2026-09-01T00:00:00+00:00
2025-07-14,USD,CAD,1.2653526202851568,SYNTHETIC: seeded teaching dataset; not observed market data,2026-09-01T00:00:00+00:00
2025-07-15,USD,CAD,1.261372927290216,SYNTHETIC: seeded teaching dataset; not observed market data,2026-09-01T00:00:00+00:00
2025-07-16,USD,CAD,1.2571711697850039,SYNTHETIC: seeded teaching dataset; not observed market data,2026-09-01T00:00:00+00:00
2025-07-17,USD,CAD,1.2556391377651002,SYNTHETIC: seeded teaching dataset; not observed market data,2026-09-01T00:00:00+00:00
2025-07-18,USD,CAD,1.260105957526022,SYNTHETIC: seeded teaching dataset; not observed market data,2026-09-01T00:00:00+00:00
2025-07-21,USD,CAD,1.268681500310734,SYNTHETIC: seeded teaching dataset; not observed market data,2026-09-01T00:00:00+00:00
2025-07-22,USD,CAD,1.2793228955608789,SYNTHETIC: seeded teaching dataset; not observed market data,2026-09-01T00:00:00+00:00
2025-07-23,USD,CAD,1.2794060293829421,SYNTHETIC: seeded teaching dataset; not observed market data,2026-09-01T00:00:00+00:00
2025-07-24,USD,CAD,1.282894325898722,SYNTHETIC: seeded teaching dataset; not observed market data,2026-09-01T00:00:00+00:00
2025-07-25,USD,CAD,1.2808371789362099,SYNTHETIC: seeded teaching dataset; not observed market data,2026-09-01T00:00:00+00:00
2025-07-28,USD,CAD,1.2727334614639507,SYNTHETIC: seeded teaching dataset; not observed market data,2026-09-01T00:00:00+00:00
2025-07-29,USD,CAD,1.2613213336943896,SYNTHETIC: seeded teaching dataset; not observed market data,2026-09-01T00:00:00+00:00
2025-07-30,USD,CAD,1.2628898593560474,SYNTHETIC: seeded teaching dataset; not observed market data,2026-09-01T00:00:00+00:00
2025-07-31,USD,CAD,1.2666771385258284,SYNTHETIC: seeded teaching dataset; not observed market data,2026-09-01T00:00:00+00:00
2025-08-01,USD,CAD,1.2594390254644838,SYNTHETIC: seeded teaching dataset; not observed market data,2026-09-01T00:00:00+00:00
2025-08-04,USD,CAD,1.267934965658551,SYNTHETIC: seeded teaching dataset; not observed market data,2026-09-01T00:00:00+00:00
2025-08-05,USD,CAD,1.2623722294087045,SYNTHETIC: seeded teaching dataset; not observed market data,2026-09-01T00:00:00+00:00
2025-08-06,USD,CAD,1.2607931904649103,SYNTHETIC: seeded teaching dataset; not observed market data,2026-09-01T00:00:00+00:00
2025-08-07,USD,CAD,1.251162105323983,SYNTHETIC: seeded teaching dataset; not observed market data,2026-09-01T00:00:00+00:00
2025-08-08,USD,CAD,1.2481408549607211,SYNTHETIC: seeded teaching dataset; not observed market data,2026-09-01T00:00:00+00:00
2025-08-11,USD,CAD,1.249158043780672,SYNTHETIC: seeded teaching dataset; not observed market data,2026-09-01T00:00:00+00:00
2025-08-12,USD,CAD,1.2483885282446456,SYNTHETIC: seeded teaching dataset; not observed market data,2026-09-01T00:00:00+00:00
2025-08-13,USD,CAD,1.24265318678498,SYNTHETIC: seeded teaching dataset; not observed market data,2026-09-01T00:00:00+00:00
2025-08-14,USD,CAD,1.2502095846655834,SYNTHETIC: seeded teaching dataset; not observed market data,2026-09-01T00:00:00+00:00
2025-08-15,USD,CAD,1.2448184806411993,SYNTHETIC: seeded teaching dataset; not observed market data,2026-09-01T00:00:00+00:00
2025-08-18,USD,CAD,1.2506236917164941,SYNTHETIC: seeded teaching dataset; not observed market data,2026-09-01T00:00:00+00:00
2025-08-19,USD,CAD,1.2463173952419058,SYNTHETIC: seeded teaching dataset; not observed market data,2026-09-01T00:00:00+00:00
2025-08-20,USD,CAD,1.2420542924935731,SYNTHETIC: seeded teaching dataset; not observed market data,2026-09-01T00:00:00+00:00
2025-08-21,USD,CAD,1.2449666100023067,SYNTHETIC: seeded teaching dataset; not observed market data,2026-09-01T00:00:00+00:00
2025-08-22,USD,CAD,1.245167220770116,SYNTHETIC: seeded teaching dataset; not observed market data,2026-09-01T00:00:00+00:00
2025-08-25,USD,CAD,1.2414423667859067,SYNTHETIC: seeded teaching dataset; not observed market data,2026-09-01T00:00:00+00:00
2025-08-26,USD,CAD,1.2344110068350154,SYNTHETIC: seeded teaching dataset; not observed market data,2026-09-01T00:00:00+00:00
2025-08-27,USD,CAD,1.2385201073508898,SYNTHETIC: seeded teaching dataset; not observed market data,2026-09-01T00:00:00+00:00
2025-08-28,USD,CAD,1.2309550989110825,SYNTHETIC: seeded teaching dataset; not observed market data,2026-09-01T00:00:00+00:00
2025-08-29,USD,CAD,1.2241421783572557,SYNTHETIC: seeded teaching dataset; not observed market data,2026-09-01T00:00:00+00:00
2025-09-01,USD,CAD,1.2293481544580462,SYNTHETIC: seeded teaching dataset; not observed market data,2026-09-01T00:00:00+00:00
2025-09-02,USD,CAD,1.2248868172945624,SYNTHETIC: seeded teaching dataset; not observed market data,2026-09-01T00:00:00+00:00
2025-09-03,USD,CAD,1.219182206381863,SYNTHETIC: seeded teaching dataset; not observed market data,2026-09-01T00:00:00+00:00
2025-09-04,USD,CAD,1.228059815985049,SYNTHETIC: seeded teaching dataset; not observed market data,2026-09-01T00:00:00+00:00
2025-09-05,USD,CAD,1.2324791044689838,SYNTHETIC: seeded teaching dataset; not observed market data,2026-09-01T00:00:00+00:00
2025-09-08,USD,CAD,1.217527896085488,SYNTHETIC: seeded teaching dataset; not observed market data,2026-09-01T00:00:00+00:00
2025-09-09,USD,CAD,1.2183055419835385,SYNTHETIC: seeded teaching dataset; not observed market data,2026-09-01T00:00:00+00:00
2025-09-10,USD,CAD,1.2252883770859215,SYNTHETIC: seeded teaching dataset; not observed market data,2026-09-01T00:00:00+00:00
2025-09-11,USD,CAD,1.2279074485191228,SYNTHETIC: seeded teaching dataset; not observed market data,2026-09-01T00:00:00+00:00
2025-09-12,USD,CAD,1.2226501243002235,SYNTHETIC: seeded teaching dataset; not observed market data,2026-09-01T00:00:00+00:00
2025-09-15,USD,CAD,1.2168679032308667,SYNTHETIC: seeded teaching dataset; not observed market data,2026-09-01T00:00:00+00:00
2025-09-16,USD,CAD,1.2140591123104927,SYNTHETIC: seeded teaching dataset; not observed market data,2026-09-01T00:00:00+00:00
2025-09-17,USD,CAD,1.218787587167214,SYNTHETIC: seeded teaching dataset; not observed market data,2026-09-01T00:00:00+00:00
2025-09-18,USD,CAD,1.2098514640927716,SYNTHETIC: seeded teaching dataset; not observed market data,2026-09-01T00:00:00+00:00
2025-09-19,USD,CAD,1.2109137052611034,SYNTHETIC: seeded teaching dataset; not observed market data,2026-09-01T00:00:00+00:00
2025-09-22,USD,CAD,1.201439990150852,SYNTHETIC: seeded teaching dataset; not observed market data,2026-09-01T00:00:00+00:00
2025-09-23,USD,CAD,1.200093138076651,SYNTHETIC: seeded teaching dataset; not observed market data,2026-09-01T00:00:00+00:00
2025-09-24,USD,CAD,1.2071135271424727,SYNTHETIC: seeded teaching dataset; not observed market data,2026-09-01T00:00:00+00:00
2025-09-25,USD,CAD,1.204743023033205,SYNTHETIC: seeded teaching dataset; not observed market data,2026-09-01T00:00:00+00:00
2025-09-26,USD,CAD,1.1989401372146324,SYNTHETIC: seeded teaching dataset; not observed market data,2026-09-01T00:00:00+00:00
2025-09-29,USD,CAD,1.2066126901417003,SYNTHETIC: seeded teaching dataset; not observed market data,2026-09-01T00:00:00+00:00
2025-09-30,USD,CAD,1.2020768127997303,SYNTHETIC: seeded teaching dataset; not observed market data,2026-09-01T00:00:00+00:00
2025-10-01,USD,CAD,1.2067198796126428,SYNTHETIC: seeded teaching dataset; not observed market data,2026-09-01T00:00:00+00:00
2025-10-02,USD,CAD,1.2126148179648066,SYNTHETIC: seeded teaching dataset; not observed market data,2026-09-01T00:00:00+00:00
2025-10-03,USD,CAD,1.205435114790964,SYNTHETIC: seeded teaching dataset; not observed market data,2026-09-01T00:00:00+00:00
2025-10-06,USD,CAD,1.203947859208972,SYNTHETIC: seeded teaching dataset; not observed market data,2026-09-01T00:00:00+00:00
2025-10-07,USD,CAD,1.1994384941974117,SYNTHETIC: seeded teaching dataset; not observed market data,2026-09-01T00:00:00+00:00
2025-10-08,USD,CAD,1.1982040762025963,SYNTHETIC: seeded teaching dataset; not observed market data,2026-09-01T00:00:00+00:00
2025-10-09,USD,CAD,1.193248115087086,SYNTHETIC: seeded teaching dataset; not observed market data,2026-09-01T00:00:00+00:00
2025-10-10,USD,CAD,1.1934230803038823,SYNTHETIC: seeded teaching dataset; not observed market data,2026-09-01T00:00:00+00:00
2025-10-13,USD,CAD,1.1945218030002969,SYNTHETIC: seeded teaching dataset; not observed market data,2026-09-01T00:00:00+00:00
2025-10-14,USD,CAD,1.1902289340416004,SYNTHETIC: seeded teaching dataset; not observed market data,2026-09-01T00:00:00+00:00
2025-10-15,USD,CAD,1.1962273672408947,SYNTHETIC: seeded teaching dataset; not observed market data,2026-09-01T00:00:00+00:00
2025-10-16,USD,CAD,1.1901104373330669,SYNTHETIC: seeded teaching dataset; not observed market data,2026-09-01T00:00:00+00:00
2025-10-17,USD,CAD,1.1969801196489838,SYNTHETIC: seeded teaching dataset; not observed market data,2026-09-01T00:00:00+00:00
2025-10-20,USD,CAD,1.2002798956354435,SYNTHETIC: seeded teaching dataset; not observed market data,2026-09-01T00:00:00+00:00
2025-10-21,USD,CAD,1.2041161013507244,SYNTHETIC: seeded teaching dataset; not observed market data,2026-09-01T00:00:00+00:00
2025-10-22,USD,CAD,1.2053387614598514,SYNTHETIC: seeded teaching dataset; not observed market data,2026-09-01T00:00:00+00:00
2025-10-23,USD,CAD,1.2064901177223697,SYNTHETIC: seeded teaching dataset; not observed market data,2026-09-01T00:00:00+00:00
2025-10-24,USD,CAD,1.2034045588254156,SYNTHETIC: seeded teaching dataset; not observed market data,2026-09-01T00:00:00+00:00
2025-10-27,USD,CAD,1.1985947197792046,SYNTHETIC: seeded teaching dataset; not observed market data,2026-09-01T00:00:00+00:00
2025-10-28,USD,CAD,1.1950998051877653,SYNTHETIC: seeded teaching dataset; not observed market data,2026-09-01T00:00:00+00:00
2025-10-29,USD,CAD,1.1987578098134573,SYNTHETIC: seeded teaching dataset; not observed market data,2026-09-01T00:00:00+00:00
2025-10-30,USD,CAD,1.2038462322399501,SYNTHETIC: seeded teaching dataset; not observed market data,2026-09-01T00:00:00+00:00
2025-10-31,USD,CAD,1.2023221083699505,SYNTHETIC: seeded teaching dataset; not observed market data,2026-09-01T00:00:00+00:00
2025-11-03,USD,CAD,1.2028806228861408,SYNTHETIC: seeded teaching dataset; not observed market data,2026-09-01T00:00:00+00:00
2025-11-04,USD,CAD,1.1945134563321407,SYNTHETIC: seeded teaching dataset; not observed market data,2026-09-01T00:00:00+00:00
2025-11-05,USD,CAD,1.197473471122549,SYNTHETIC: seeded teaching dataset; not observed market data,2026-09-01T00:00:00+00:00
2025-11-06,USD,CAD,1.1989570506743112,SYNTHETIC: seeded teaching dataset; not observed market data,2026-09-01T00:00:00+00:00
2025-11-07,USD,CAD,1.1981646796765022,SYNTHETIC: seeded teaching dataset; not observed market data,2026-09-01T00:00:00+00:00
2025-11-10,USD,CAD,1.1920177138899601,SYNTHETIC: seeded teaching dataset; not observed market data,2026-09-01T00:00:00+00:00
2025-11-11,USD,CAD,1.1922672181347522,SYNTHETIC: seeded teaching dataset; not observed market data,2026-09-01T00:00:00+00:00
2025-11-12,USD,CAD,1.1922239744289922,SYNTHETIC: seeded teaching dataset; not observed market data,2026-09-01T00:00:00+00:00
2025-11-13,USD,CAD,1.1961319314022951,SYNTHETIC: seeded teaching dataset; not observed market data,2026-09-01T00:00:00+00:00
2025-11-14,USD,CAD,1.189245936124916,SYNTHETIC: seeded teaching dataset; not observed market data,2026-09-01T00:00:00+00:00
2025-11-17,USD,CAD,1.188296028877269,SYNTHETIC: seeded teaching dataset; not observed market data,2026-09-01T00:00:00+00:00
2025-11-18,USD,CAD,1.1876373992025393,SYNTHETIC: seeded teaching dataset; not observed market data,2026-09-01T00:00:00+00:00
2025-11-19,USD,CAD,1.1921544397879036,SYNTHETIC: seeded teaching dataset; not observed market data,2026-09-01T00:00:00+00:00
2025-11-20,USD,CAD,1.1971044135887305,SYNTHETIC: seeded teaching dataset; not observed market data,2026-09-01T00:00:00+00:00
2025-11-21,USD,CAD,1.2024712825269956,SYNTHETIC: seeded teaching dataset; not observed market data,2026-09-01T00:00:00+00:00
2025-11-24,USD,CAD,1.2013010944344347,SYNTHETIC: seeded teaching dataset; not observed market data,2026-09-01T00:00:00+00:00
2025-11-25,USD,CAD,1.1946448892082941,SYNTHETIC: seeded teaching dataset; not observed market data,2026-09-01T00:00:00+00:00
2025-11-26,USD,CAD,1.19504703318366,SYNTHETIC: seeded teaching dataset; not observed market data,2026-09-01T00:00:00+00:00
2025-11-27,USD,CAD,1.197416642912662,SYNTHETIC: seeded teaching dataset; not observed market data,2026-09-01T00:00:00+00:00
2025-11-28,USD,CAD,1.192221020917856,SYNTHETIC: seeded teaching dataset; not observed market data,2026-09-01T00:00:00+00:00
2025-12-01,USD,CAD,1.1898326732367863,SYNTHETIC: seeded teaching dataset; not observed market data,2026-09-01T00:00:00+00:00
2025-12-02,USD,CAD,1.1901053245583877,SYNTHETIC: seeded teaching dataset; not observed market data,2026-09-01T00:00:00+00:00
2025-12-03,USD,CAD,1.199474192573471,SYNTHETIC: seeded teaching dataset; not observed market data,2026-09-01T00:00:00+00:00
2025-12-04,USD,CAD,1.205792327378187,SYNTHETIC: seeded teaching dataset; not observed market data,2026-09-01T00:00:00+00:00
2025-12-05,USD,CAD,1.2035943891977063,SYNTHETIC: seeded teaching dataset; not observed market data,2026-09-01T00:00:00+00:00
2025-12-08,USD,CAD,1.2066941974674477,SYNTHETIC: seeded teaching dataset; not observed market data,2026-09-01T00:00:00+00:00
2025-12-09,USD,CAD,1.2067086932611208,SYNTHETIC: seeded teaching dataset; not observed market data,2026-09-01T00:00:00+00:00
2025-12-10,USD,CAD,1.21424005822065,SYNTHETIC: seeded teaching dataset; not observed market data,2026-09-01T00:00:00+00:00
2025-12-11,USD,CAD,1.2272913364255755,SYNTHETIC: seeded teaching dataset; not observed market data,2026-09-01T00:00:00+00:00
2025-12-12,USD,CAD,1.2273136295593545,SYNTHETIC: seeded teaching dataset; not observed market data,2026-09-01T00:00:00+00:00
2025-12-15,USD,CAD,1.2284337317121357,SYNTHETIC: seeded teaching dataset; not observed market data,2026-09-01T00:00:00+00:00
2025-12-16,USD,CAD,1.2189428531071662,SYNTHETIC: seeded teaching dataset; not observed market data,2026-09-01T00:00:00+00:00
2025-12-17,USD,CAD,1.228018437596549,SYNTHETIC: seeded teaching dataset; not observed market data,2026-09-01T00:00:00+00:00
2025-12-18,USD,CAD,1.2308431238225213,SYNTHETIC: seeded teaching dataset; not observed market data,2026-09-01T00:00:00+00:00
2025-12-19,USD,CAD,1.2291575363066798,SYNTHETIC: seeded teaching dataset; not observed market data,2026-09-01T00:00:00+00:00
2025-12-22,USD,CAD,1.2368922864177099,SYNTHETIC: seeded teaching dataset; not observed market data,2026-09-01T00:00:00+00:00
2025-12-23,USD,CAD,1.2273818192723283,SYNTHETIC: seeded teaching dataset; not observed market data,2026-09-01T00:00:00+00:00
2025-12-24,USD,CAD,1.2350159058801669,SYNTHETIC: seeded teaching dataset; not observed market data,2026-09-01T00:00:00+00:00
2025-12-25,USD,CAD,1.2348420871150134,SYNTHETIC: seeded teaching dataset; not observed market data,2026-09-01T00:00:00+00:00
2025-12-26,USD,CAD,1.2363313202191335,SYNTHETIC: seeded teaching dataset; not observed market data,2026-09-01T00:00:00+00:00
2025-12-29,USD,CAD,1.2332038991024679,SYNTHETIC: seeded teaching dataset; not observed market data,2026-09-01T00:00:00+00:00
2025-12-30,USD,CAD,1.2364383553137774,SYNTHETIC: seeded teaching dataset; not observed market data,2026-09-01T00:00:00+00:00
2025-12-31,USD,CAD,1.241137349954546,SYNTHETIC: seeded teaching dataset; not observed market data,2026-09-01T00:00:00+00:00
2026-01-01,USD,CAD,1.2437240241652545,SYNTHETIC: seeded teaching dataset; not observed market data,2026-09-01T00:00:00+00:00
2026-01-02,USD,CAD,1.2462395177373744,SYNTHETIC: seeded teaching dataset; not observed market data,2026-09-01T00:00:00+00:00
2026-01-05,USD,CAD,1.2468800770857318,SYNTHETIC: seeded teaching dataset; not observed market data,2026-09-01T00:00:00+00:00
2026-01-06,USD,CAD,1.2405790425367538,SYNTHETIC: seeded teaching dataset; not observed market data,2026-09-01T00:00:00+00:00
2026-01-07,USD,CAD,1.252192600523765,SYNTHETIC: seeded teaching dataset; not observed market data,2026-09-01T00:00:00+00:00
2026-01-08,USD,CAD,1.2461614988490062,SYNTHETIC: seeded teaching dataset; not observed market data,2026-09-01T00:00:00+00:00
2026-01-09,USD,CAD,1.2529546624687247,SYNTHETIC: seeded teaching dataset; not observed market data,2026-09-01T00:00:00+00:00
2026-01-12,USD,CAD,1.2566516604973812,SYNTHETIC: seeded teaching dataset; not observed market data,2026-09-01T00:00:00+00:00
2026-01-13,USD,CAD,1.2513478077357645,SYNTHETIC: seeded teaching dataset; not observed market data,2026-09-01T00:00:00+00:00
2026-01-14,USD,CAD,1.2519556492419723,SYNTHETIC: seeded teaching dataset; not observed market data,2026-09-01T00:00:00+00:00
2026-01-15,USD,CAD,1.2584742173168812,SYNTHETIC: seeded teaching dataset; not observed market data,2026-09-01T00:00:00+00:00
2026-01-16,USD,CAD,1.2657029719880033,SYNTHETIC: seeded teaching dataset; not observed market data,2026-09-01T00:00:00+00:00
2026-01-19,USD,CAD,1.270307854279695,SYNTHETIC: seeded teaching dataset; not observed market data,2026-09-01T00:00:00+00:00
2026-01-20,USD,CAD,1.275561467311201,SYNTHETIC: seeded teaching dataset; not observed market data,2026-09-01T00:00:00+00:00
2026-01-21,USD,CAD,1.2761411358674544,SYNTHETIC: seeded teaching dataset; not observed market data,2026-09-01T00:00:00+00:00
2026-01-22,USD,CAD,1.2786211248258543,SYNTHETIC: seeded teaching dataset; not observed market data,2026-09-01T00:00:00+00:00
2026-01-23,USD,CAD,1.2794476179038792,SYNTHETIC: seeded teaching dataset; not observed market data,2026-09-01T00:00:00+00:00
2026-01-26,USD,CAD,1.2897089216085602,SYNTHETIC: seeded teaching dataset; not observed market data,2026-09-01T00:00:00+00:00
2026-01-27,USD,CAD,1.2930524110215085,SYNTHETIC: seeded teaching dataset; not observed market data,2026-09-01T00:00:00+00:00
2026-01-28,USD,CAD,1.2957114772334675,SYNTHETIC: seeded teaching dataset; not observed market data,2026-09-01T00:00:00+00:00
2026-01-29,USD,CAD,1.3085465173989534,SYNTHETIC: seeded teaching dataset; not observed market data,2026-09-01T00:00:00+00:00
2026-01-30,USD,CAD,1.3007733421502672,SYNTHETIC: seeded teaching dataset; not observed market data,2026-09-01T00:00:00+00:00
2026-02-02,USD,CAD,1.2915146724441187,SYNTHETIC: seeded teaching dataset; not observed market data,2026-09-01T00:00:00+00:00
2026-02-03,USD,CAD,1.2823359350377788,SYNTHETIC: seeded teaching dataset; not observed market data,2026-09-01T00:00:00+00:00
2026-02-04,USD,CAD,1.2896023152708613,SYNTHETIC: seeded teaching dataset; not observed market data,2026-09-01T00:00:00+00:00
2026-02-05,USD,CAD,1.2946591445760345,SYNTHETIC: seeded teaching dataset; not observed market data,2026-09-01T00:00:00+00:00
2026-02-06,USD,CAD,1.2925837669665678,SYNTHETIC: seeded teaching dataset; not observed market data,2026-09-01T00:00:00+00:00
2026-02-09,USD,CAD,1.2978357139790235,SYNTHETIC: seeded teaching dataset; not observed market data,2026-09-01T00:00:00+00:00
2026-02-10,USD,CAD,1.3093736120670727,SYNTHETIC: seeded teaching dataset; not observed market data,2026-09-01T00:00:00+00:00
2026-02-11,USD,CAD,1.3040097745684458,SYNTHETIC: seeded teaching dataset; not observed market data,2026-09-01T00:00:00+00:00
2026-02-12,USD,CAD,1.3137008953769773,SYNTHETIC: seeded teaching dataset; not observed market data,2026-09-01T00:00:00+00:00
2026-02-13,USD,CAD,1.3095043975219358,SYNTHETIC: seeded teaching dataset; not observed market data,2026-09-01T00:00:00+00:00
2026-02-16,USD,CAD,1.3079170489810166,SYNTHETIC: seeded teaching dataset; not observed market data,2026-09-01T00:00:00+00:00
2026-02-17,USD,CAD,1.2983652726407287,SYNTHETIC: seeded teaching dataset; not observed market data,2026-09-01T00:00:00+00:00
2026-02-18,USD,CAD,1.2988830213453586,SYNTHETIC: seeded teaching dataset; not observed market data,2026-09-01T00:00:00+00:00
2026-02-19,USD,CAD,1.2911823689168798,SYNTHETIC: seeded teaching dataset; not observed market data,2026-09-01T00:00:00+00:00
2026-02-20,USD,CAD,1.2993141909205996,SYNTHETIC: seeded teaching dataset; not observed market data,2026-09-01T00:00:00+00:00
2026-02-23,USD,CAD,1.3025772405022742,SYNTHETIC: seeded teaching dataset; not observed market data,2026-09-01T00:00:00+00:00
2026-02-24,USD,CAD,1.2907260072922402,SYNTHETIC: seeded teaching dataset; not observed market data,2026-09-01T00:00:00+00:00
2026-02-25,USD,CAD,1.2940568130814396,SYNTHETIC: seeded teaching dataset; not observed market data,2026-09-01T00:00:00+00:00
2026-02-26,USD,CAD,1.2940049388409345,SYNTHETIC: seeded teaching dataset; not observed market data,2026-09-01T00:00:00+00:00
2026-02-27,USD,CAD,1.3025459311689611,SYNTHETIC: seeded teaching dataset; not observed market data,2026-09-01T00:00:00+00:00
2026-03-02,USD,CAD,1.2968131225037418,SYNTHETIC: seeded teaching dataset; not observed market data,2026-09-01T00:00:00+00:00
2026-03-03,USD,CAD,1.2948463651508626,SYNTHETIC: seeded teaching dataset; not observed market data,2026-09-01T00:00:00+00:00
2026-03-04,USD,CAD,1.305131873310007,SYNTHETIC: seeded teaching dataset; not observed market data,2026-09-01T00:00:00+00:00
2026-03-05,USD,CAD,1.2992187773005972,SYNTHETIC: seeded teaching dataset; not observed market data,2026-09-01T00:00:00+00:00
2026-03-06,USD,CAD,1.29540678790977,SYNTHETIC: seeded teaching dataset; not observed market data,2026-09-01T00:00:00+00:00
2026-03-09,USD,CAD,1.2892324207433932,SYNTHETIC: seeded teaching dataset; not observed market data,2026-09-01T00:00:00+00:00
2026-03-10,USD,CAD,1.2869703960719825,SYNTHETIC: seeded teaching dataset; not observed market data,2026-09-01T00:00:00+00:00
2026-03-11,USD,CAD,1.3019545915820232,SYNTHETIC: seeded teaching dataset; not observed market data,2026-09-01T00:00:00+00:00
2026-03-12,USD,CAD,1.318760846438315,SYNTHETIC: seeded teaching dataset; not observed market data,2026-09-01T00:00:00+00:00
2026-03-13,USD,CAD,1.3239357972182515,SYNTHETIC: seeded teaching dataset; not observed market data,2026-09-01T00:00:00+00:00
2026-03-16,USD,CAD,1.3132770108164529,SYNTHETIC: seeded teaching dataset; not observed market data,2026-09-01T00:00:00+00:00
2026-03-17,USD,CAD,1.3099776694386385,SYNTHETIC: seeded teaching dataset; not observed market data,2026-09-01T00:00:00+00:00
2026-03-18,USD,CAD,1.3098679511226043,SYNTHETIC: seeded teaching dataset; not observed market data,2026-09-01T00:00:00+00:00
2026-03-19,USD,CAD,1.31189518954006,SYNTHETIC: seeded teaching dataset; not observed market data,2026-09-01T00:00:00+00:00
2026-03-20,USD,CAD,1.3096764283990685,SYNTHETIC: seeded teaching dataset; not observed market data,2026-09-01T00:00:00+00:00
2026-03-23,USD,CAD,1.3026037380679947,SYNTHETIC: seeded teaching dataset; not observed market data,2026-09-01T00:00:00+00:00
2026-03-24,USD,CAD,1.3036308095398674,SYNTHETIC: seeded teaching dataset; not observed market data,2026-09-01T00:00:00+00:00
2026-03-25,USD,CAD,1.3057596167101477,SYNTHETIC: seeded teaching dataset; not observed market data,2026-09-01T00:00:00+00:00
2026-03-26,USD,CAD,1.3155119726526383,SYNTHETIC: seeded teaching dataset; not observed market data,2026-09-01T00:00:00+00:00
2026-03-27,USD,CAD,1.3157596016813624,SYNTHETIC: seeded teaching dataset; not observed market data,2026-09-01T00:00:00+00:00
2026-03-30,USD,CAD,1.3276624390969973,SYNTHETIC: seeded teaching dataset; not observed market data,2026-09-01T00:00:00+00:00
2026-03-31,USD,CAD,1.3208609409433143,SYNTHETIC: seeded teaching dataset; not observed market data,2026-09-01T00:00:00+00:00
2026-04-01,USD,CAD,1.3332379041066753,SYNTHETIC: seeded teaching dataset; not observed market data,2026-09-01T00:00:00+00:00
2026-04-02,USD,CAD,1.320360538620334,SYNTHETIC: seeded teaching dataset; not observed market data,2026-09-01T00:00:00+00:00
2026-04-03,USD,CAD,1.3200496604239107,SYNTHETIC: seeded teaching dataset; not observed market data,2026-09-01T00:00:00+00:00
2026-04-06,USD,CAD,1.3083587028257055,SYNTHETIC: seeded teaching dataset; not observed market data,2026-09-01T00:00:00+00:00
2026-04-07,USD,CAD,1.3082998809723725,SYNTHETIC: seeded teaching dataset; not observed market data,2026-09-01T00:00:00+00:00
2026-04-08,USD,CAD,1.3049133466256304,SYNTHETIC: seeded teaching dataset; not observed market data,2026-09-01T00:00:00+00:00
2026-04-09,USD,CAD,1.3009691685002207,SYNTHETIC: seeded teaching dataset; not observed market data,2026-09-01T00:00:00+00:00
2026-04-10,USD,CAD,1.3014902099025145,SYNTHETIC: seeded teaching dataset; not observed market data,2026-09-01T00:00:00+00:00
2026-04-13,USD,CAD,1.3013451994499812,SYNTHETIC: seeded teaching dataset; not observed market data,2026-09-01T00:00:00+00:00
2026-04-14,USD,CAD,1.2957097608339598,SYNTHETIC: seeded teaching dataset; not observed market data,2026-09-01T00:00:00+00:00
2026-04-15,USD,CAD,1.300521293064111,SYNTHETIC: seeded teaching dataset; not observed market data,2026-09-01T00:00:00+00:00
2026-04-16,USD,CAD,1.3003091244314644,SYNTHETIC: seeded teaching dataset; not observed market data,2026-09-01T00:00:00+00:00
2026-04-17,USD,CAD,1.3041903044638663,SYNTHETIC: seeded teaching dataset; not observed market data,2026-09-01T00:00:00+00:00
2026-04-20,USD,CAD,1.3033493537410772,SYNTHETIC: seeded teaching dataset; not observed market data,2026-09-01T00:00:00+00:00
2026-04-21,USD,CAD,1.3033799132648978,SYNTHETIC: seeded teaching dataset; not observed market data,2026-09-01T00:00:00+00:00
2026-04-22,USD,CAD,1.295248890311109,SYNTHETIC: seeded teaching dataset; not observed market data,2026-09-01T00:00:00+00:00
2026-04-23,USD,CAD,1.3059694786844023,SYNTHETIC: seeded teaching dataset; not observed market data,2026-09-01T00:00:00+00:00
2026-04-24,USD,CAD,1.3088960286608489,SYNTHETIC: seeded teaching dataset; not observed market data,2026-09-01T00:00:00+00:00
2026-04-27,USD,CAD,1.3059272741171426,SYNTHETIC: seeded teaching dataset; not observed market data,2026-09-01T00:00:00+00:00
2026-04-28,USD,CAD,1.312447109357869,SYNTHETIC: seeded teaching dataset; not observed market data,2026-09-01T00:00:00+00:00
2026-04-29,USD,CAD,1.304041282066718,SYNTHETIC: seeded teaching dataset; not observed market data,2026-09-01T00:00:00+00:00
2026-04-30,USD,CAD,1.3083056542609006,SYNTHETIC: seeded teaching dataset; not observed market data,2026-09-01T00:00:00+00:00
2026-05-01,USD,CAD,1.2943605100225415,SYNTHETIC: seeded teaching dataset; not observed market data,2026-09-01T00:00:00+00:00
2026-05-04,USD,CAD,1.3010256084677483,SYNTHETIC: seeded teaching dataset; not observed market data,2026-09-01T00:00:00+00:00
2026-05-05,USD,CAD,1.3080444481230815,SYNTHETIC: seeded teaching dataset; not observed market data,2026-09-01T00:00:00+00:00
2026-05-06,USD,CAD,1.309864013652198,SYNTHETIC: seeded teaching dataset; not observed market data,2026-09-01T00:00:00+00:00
2026-05-07,USD,CAD,1.3033529998618483,SYNTHETIC: seeded teaching dataset; not observed market data,2026-09-01T00:00:00+00:00
2026-05-08,USD,CAD,1.3065652197631517,SYNTHETIC: seeded teaching dataset; not observed market data,2026-09-01T00:00:00+00:00
2026-05-11,USD,CAD,1.3071847226634437,SYNTHETIC: seeded teaching dataset; not observed market data,2026-09-01T00:00:00+00:00
2026-05-12,USD,CAD,1.299490804484217,SYNTHETIC: seeded teaching dataset; not observed market data,2026-09-01T00:00:00+00:00
2026-05-13,USD,CAD,1.2978776423970795,SYNTHETIC: seeded teaching dataset; not observed market data,2026-09-01T00:00:00+00:00
2026-05-14,USD,CAD,1.2819895257094995,SYNTHETIC: seeded teaching dataset; not observed market data,2026-09-01T00:00:00+00:00
2026-05-15,USD,CAD,1.2742242578338496,SYNTHETIC: seeded teaching dataset; not observed market data,2026-09-01T00:00:00+00:00
2026-05-18,USD,CAD,1.2771567397597499,SYNTHETIC: seeded teaching dataset; not observed market data,2026-09-01T00:00:00+00:00
2026-05-19,USD,CAD,1.2807583270165093,SYNTHETIC: seeded teaching dataset; not observed market data,2026-09-01T00:00:00+00:00
2026-05-20,USD,CAD,1.285545189946633,SYNTHETIC: seeded teaching dataset; not observed market data,2026-09-01T00:00:00+00:00
2026-05-21,USD,CAD,1.2811997534633188,SYNTHETIC: seeded teaching dataset; not observed market data,2026-09-01T00:00:00+00:00
2026-05-22,USD,CAD,1.2735559876347828,SYNTHETIC: seeded teaching dataset; not observed market data,2026-09-01T00:00:00+00:00
2026-05-25,USD,CAD,1.2809582714373935,SYNTHETIC: seeded teaching dataset; not observed market data,2026-09-01T00:00:00+00:00
2026-05-26,USD,CAD,1.2824914136435488,SYNTHETIC: seeded teaching dataset; not observed market data,2026-09-01T00:00:00+00:00
2026-05-27,USD,CAD,1.2762132374637474,SYNTHETIC: seeded teaching dataset; not observed market data,2026-09-01T00:00:00+00:00
2026-05-28,USD,CAD,1.2827005751689602,SYNTHETIC: seeded teaching dataset; not observed market data,2026-09-01T00:00:00+00:00
2026-05-29,USD,CAD,1.2878164635644298,SYNTHETIC: seeded teaching dataset; not observed market data,2026-09-01T00:00:00+00:00
2026-06-01,USD,CAD,1.2786242169848951,SYNTHETIC: seeded teaching dataset; not observed market data,2026-09-01T00:00:00+00:00
2026-06-02,USD,CAD,1.2740322536349293,SYNTHETIC: seeded teaching dataset; not observed market data,2026-09-01T00:00:00+00:00
2026-06-03,USD,CAD,1.2821184242481314,SYNTHETIC: seeded teaching dataset; not observed market data,2026-09-01T00:00:00+00:00
2026-06-04,USD,CAD,1.2825738040953458,SYNTHETIC: seeded teaching dataset; not observed market data,2026-09-01T00:00:00+00:00
2026-06-05,USD,CAD,1.279335314825328,SYNTHETIC: seeded teaching dataset; not observed market data,2026-09-01T00:00:00+00:00
2026-06-08,USD,CAD,1.2918706862187868,SYNTHETIC: seeded teaching dataset; not observed market data,2026-09-01T00:00:00+00:00
2026-06-09,USD,CAD,1.2906598090655577,SYNTHETIC: seeded teaching dataset; not observed market data,2026-09-01T00:00:00+00:00
2026-06-10,USD,CAD,1.2902110486001823,SYNTHETIC: seeded teaching dataset; not observed market data,2026-09-01T00:00:00+00:00
2026-06-11,USD,CAD,1.2967497631875287,SYNTHETIC: seeded teaching dataset; not observed market data,2026-09-01T00:00:00+00:00
2026-06-12,USD,CAD,1.2982275364865603,SYNTHETIC: seeded teaching dataset; not observed market data,2026-09-01T00:00:00+00:00
2026-06-15,USD,CAD,1.2926821724900592,SYNTHETIC: seeded teaching dataset; not observed market data,2026-09-01T00:00:00+00:00
2026-06-16,USD,CAD,1.3025135185079375,SYNTHETIC: seeded teaching dataset; not observed market data,2026-09-01T00:00:00+00:00
2026-06-17,USD,CAD,1.308822902422995,SYNTHETIC: seeded teaching dataset; not observed market data,2026-09-01T00:00:00+00:00
2026-06-18,USD,CAD,1.307864230653501,SYNTHETIC: seeded teaching dataset; not observed market data,2026-09-01T00:00:00+00:00
2026-06-19,USD,CAD,1.3113172841588134,SYNTHETIC: seeded teaching dataset; not observed market data,2026-09-01T00:00:00+00:00
2026-06-22,USD,CAD,1.309455769011884,SYNTHETIC: seeded teaching dataset; not observed market data,2026-09-01T00:00:00+00:00
2026-06-23,USD,CAD,1.3043283837977822,SYNTHETIC: seeded teaching dataset; not observed market data,2026-09-01T00:00:00+00:00
2026-06-24,USD,CAD,1.3101330596343326,SYNTHETIC: seeded teaching dataset; not observed market data,2026-09-01T00:00:00+00:00
2026-06-25,USD,CAD,1.307664389872712,SYNTHETIC: seeded teaching dataset; not observed market data,2026-09-01T00:00:00+00:00
2026-06-26,USD,CAD,1.3077677216875274,SYNTHETIC: seeded teaching dataset; not observed market data,2026-09-01T00:00:00+00:00
2026-06-29,USD,CAD,1.2998782744327224,SYNTHETIC: seeded teaching dataset; not observed market data,2026-09-01T00:00:00+00:00
2026-06-30,USD,CAD,1.3058467468775654,SYNTHETIC: seeded teaching dataset; not observed market data,2026-09-01T00:00:00+00:00
2026-07-01,USD,CAD,1.294411226693185,SYNTHETIC: seeded teaching dataset; not observed market data,2026-09-01T00:00:00+00:00
2026-07-02,USD,CAD,1.2896160624599509,SYNTHETIC: seeded teaching dataset; not observed market data,2026-09-01T00:00:00+00:00
2026-07-03,USD,CAD,1.2978952668527077,SYNTHETIC: seeded teaching dataset; not observed market data,2026-09-01T00:00:00+00:00
2026-07-06,USD,CAD,1.2939417341319204,SYNTHETIC: seeded teaching dataset; not observed market data,2026-09-01T00:00:00+00:00
2026-07-07,USD,CAD,1.3087887922242656,SYNTHETIC: seeded teaching dataset; not observed market data,2026-09-01T00:00:00+00:00
2026-07-08,USD,CAD,1.3024433717120387,SYNTHETIC: seeded teaching dataset; not observed market data,2026-09-01T00:00:00+00:00
2026-07-09,USD,CAD,1.3005493297273714,SYNTHETIC: seeded teaching dataset; not observed market data,2026-09-01T00:00:00+00:00
2026-07-10,USD,CAD,1.299315421615299,SYNTHETIC: seeded teaching dataset; not observed market data,2026-09-01T00:00:00+00:00
2026-07-13,USD,CAD,1.3008535672241084,SYNTHETIC: seeded teaching dataset; not observed market data,2026-09-01T00:00:00+00:00
2026-07-14,USD,CAD,1.3138242297824791,SYNTHETIC: seeded teaching dataset; not observed market data,2026-09-01T00:00:00+00:00
2026-07-15,USD,CAD,1.3104673309196928,SYNTHETIC: seeded teaching dataset; not observed market data,2026-09-01T00:00:00+00:00
2026-07-16,USD,CAD,1.3103958220751686,SYNTHETIC: seeded teaching dataset; not observed market data,2026-09-01T00:00:00+00:00
2026-07-17,USD,CAD,1.3038799234643024,SYNTHETIC: seeded teaching dataset; not observed market data,2026-09-01T00:00:00+00:00
2026-07-20,USD,CAD,1.304398587036345,SYNTHETIC: seeded teaching dataset; not observed market data,2026-09-01T00:00:00+00:00
2026-07-21,USD,CAD,1.3108273012393872,SYNTHETIC: seeded teaching dataset; not observed market data,2026-09-01T00:00:00+00:00
2026-07-22,USD,CAD,1.3062013985164196,SYNTHETIC: seeded teaching dataset; not observed market data,2026-09-01T00:00:00+00:00
2026-07-23,USD,CAD,1.3060292319356674,SYNTHETIC: seeded teaching dataset; not observed market data,2026-09-01T00:00:00+00:00
2026-07-24,USD,CAD,1.3063293930588795,SYNTHETIC: seeded teaching dataset; not observed market data,2026-09-01T00:00:00+00:00
2026-07-27,USD,CAD,1.3153232988279915,SYNTHETIC: seeded teaching dataset; not observed market data,2026-09-01T00:00:00+00:00
2026-07-28,USD,CAD,1.321369675010179,SYNTHETIC: seeded teaching dataset; not observed market data,2026-09-01T00:00:00+00:00
2026-07-29,USD,CAD,1.3295097712610426,SYNTHETIC: seeded teaching dataset; not observed market data,2026-09-01T00:00:00+00:00
2026-07-30,USD,CAD,1.3269517753270763,SYNTHETIC: seeded teaching dataset; not observed market data,2026-09-01T00:00:00+00:00
2026-07-31,USD,CAD,1.3253608722768886,SYNTHETIC: seeded teaching dataset; not observed market data,2026-09-01T00:00:00+00:00
2026-08-03,USD,CAD,1.3163425527357677,SYNTHETIC: seeded teaching dataset; not observed market data,2026-09-01T00:00:00+00:00
2026-08-04,USD,CAD,1.3127707491881737,SYNTHETIC: seeded teaching dataset; not observed market data,2026-09-01T00:00:00+00:00
2026-08-05,USD,CAD,1.3133373717790426,SYNTHETIC: seeded teaching dataset; not observed market data,2026-09-01T00:00:00+00:00
2026-08-06,USD,CAD,1.3116135721638331,SYNTHETIC: seeded teaching dataset; not observed market data,2026-09-01T00:00:00+00:00
2026-08-07,USD,CAD,1.3128369784604137,SYNTHETIC: seeded teaching dataset; not observed market data,2026-09-01T00:00:00+00:00
2026-08-10,USD,CAD,1.3337701896854512,SYNTHETIC: seeded teaching dataset; not observed market data,2026-09-01T00:00:00+00:00
2026-08-11,USD,CAD,1.3367082322428678,SYNTHETIC: seeded teaching dataset; not observed market data,2026-09-01T00:00:00+00:00
2026-08-12,USD,CAD,1.3353678372437081,SYNTHETIC: seeded teaching dataset; not observed market data,2026-09-01T00:00:00+00:00
2026-08-13,USD,CAD,1.3363726306570236,SYNTHETIC: seeded teaching dataset; not observed market data,2026-09-01T00:00:00+00:00
2026-08-14,USD,CAD,1.3359982490348083,SYNTHETIC: seeded teaching dataset; not observed market data,2026-09-01T00:00:00+00:00
2026-08-17,USD,CAD,1.3421451638424808,SYNTHETIC: seeded teaching dataset; not observed market data,2026-09-01T00:00:00+00:00
2026-08-18,USD,CAD,1.3450310677765807,SYNTHETIC: seeded teaching dataset; not observed market data,2026-09-01T00:00:00+00:00
2026-08-19,USD,CAD,1.3504419905406921,SYNTHETIC: seeded teaching dataset; not observed market data,2026-09-01T00:00:00+00:00
2026-08-20,USD,CAD,1.3478173657288874,SYNTHETIC: seeded teaching dataset; not observed market data,2026-09-01T00:00:00+00:00
2026-08-21,USD,CAD,1.34006542056452,SYNTHETIC: seeded teaching dataset; not observed market data,2026-09-01T00:00:00+00:00
2026-08-24,USD,CAD,1.3479347324504622,SYNTHETIC: seeded teaching dataset; not observed market data,2026-09-01T00:00:00+00:00
2026-08-25,USD,CAD,1.3469741708932899,SYNTHETIC: seeded teaching dataset; not observed market data,2026-09-01T00:00:00+00:00
2026-08-26,USD,CAD,1.348685858496551,SYNTHETIC: seeded teaching dataset; not observed market data,2026-09-01T00:00:00+00:00
2026-08-27,USD,CAD,1.3490668445264296,SYNTHETIC: seeded teaching dataset; not observed market data,2026-09-01T00:00:00+00:00
2026-08-28,USD,CAD,1.3550094360183993,SYNTHETIC: seeded teaching dataset; not observed market data,2026-09-01T00:00:00+00:00
2026-08-31,USD,CAD,1.36,SYNTHETIC: seeded teaching dataset; not observed market data,2026-09-01T00:00:00+00:00
