factor,CAD_1,CAD_10,CAD_2,CAD_30,CAD_5,EQ_CA,EQ_US,ETF_US,FX_USD,SPREAD_US,USD_1,USD_10,USD_2,USD_30,USD_5,VOL_US
CAD_1,7.112903230822743e-08,8.622413305508132e-08,1.0741142725826856e-07,6.034357828969846e-08,9.752101697337635e-08,-8.515846539297183e-07,-6.018737972264713e-07,-8.332998551283762e-07,-1.415355252309766e-08,-1.4616758363367475e-09,5.543641988869932e-08,7.19671325049013e-08,6.851956826345408e-08,4.5405969638905686e-08,7.806814969329001e-08,9.449969803531448e-07
CAD_10,8.622413305508132e-08,1.7822977089293606e-07,1.6313026983715924e-07,1.4559025909789417e-07,1.7854814199835567e-07,-1.172460776501769e-06,-9.612507724919995e-07,-2.0780693435879395e-06,-1.0489634534994828e-07,-4.207024600011792e-09,7.838048350724136e-08,1.536277258711196e-07,1.1317267358818591e-07,1.2084969440966465e-07,1.4916413213178906e-07,1.4519063773965495e-06
CAD_2,1.0741142725826856e-07,1.6313026983715924e-07,2.3530389424950971e-07,1.203888638688105e-07,1.7496349277524816e-07,-1.36667556989428e-06,-1.1353800863916443e-06,-1.6349042014931747e-06,-7.399972662946691e-08,-5.291287548218838e-09,9.359913709289868e-08,1.3744285694681587e-07,1.2212281073958103e-07,9.152832608297107e-08,1.4663785723139006e-07,1.7296900132408195e-06
CAD_30,6.034357828969846e-08,1.4559025909789417e-07,1.203888638688105e-07,1.3244748988474693e-07,1.3863464367387596e-07,-7.740382848946636e-07,-6.709402464073737e-07,-1.8546698180581213e-06,-9.276297783505281e-08,-3.5714513375064135e-09,5.092357179852096e-08,1.2494527279453683e-07,7.89120654097884e-08,1.1184386229368407e-07,1.1206233562891217e-07,1.0126683961488872e-06
CAD_5,9.752101697337635e-08,1.7854814199835567e-07,1.7496349277524816e-07,1.3863464367387596e-07,1.896213477284513e-07,-1.3076439462873408e-06,-1.0454630831926265e-06,-1.9297614865849457e-06,-7.832260405331695e-08,-4.793026623663088e-09,9.098575758553127e-08,1.5238095346866604e-07,1.2618161776070237e-07,1.0860216836780026e-07,1.568187727629156e-07,1.617704701622427e-06
EQ_CA,-8.515846539297183e-07,-1.172460776501769e-06,-1.36667556989428e-06,-7.740382848946636e-07,-1.3076439462873408e-06,5.635096629239178e-05,3.8822676667128046e-05,9.514172129589225e-06,-1.5196507278294222e-06,-1.9511733180297092e-07,-5.008964310100903e-07,-8.437200804645978e-07,-6.237509624708529e-07,-5.593209887707648e-07,-8.891020326493269e-07,-6.657426539468406e-05
EQ_US,-6.018737972264713e-07,-9.612507724919995e-07,-1.1353800863916443e-06,-6.709402464073737e-07,-1.0454630831926265e-06,3.8822676667128046e-05,6.002752061745314e-05,8.418219855203756e-06,-2.9380944337956916e-06,-4.1923007578337216e-07,-3.260154273650444e-07,-7.548710864981388e-07,-3.839135717214333e-07,-5.858126498569371e-07,-6.987337365424851e-07,-9.644756744867818e-05
ETF_US,-8.332998551283762e-07,-2.0780693435879395e-06,-1.6349042014931747e-06,-1.8546698180581213e-06,-1.9297614865849457e-06,9.514172129589225e-06,8.418219855203756e-06,3.83386011310487e-05,-7.48122072866015e-07,1.0659981653685935e-07,-1.1230589294776674e-06,-2.5052030900588228e-06,-1.6497699484985997e-06,-2.2994960103765785e-06,-2.254291843445066e-06,-9.280952288156909e-06
FX_USD,-1.415355252309766e-08,-1.0489634534994828e-07,-7.399972662946691e-08,-9.276297783505281e-08,-7.832260405331695e-08,-1.5196507278294222e-06,-2.9380944337956916e-06,-7.48122072866015e-07,5.967141395412661e-06,8.60054073638749e-09,1.8750995976078948e-07,1.0343864679334207e-07,2.0474160673758136e-07,3.6679129619617484e-08,1.645282298056484e-07,2.969705517037997e-06
SPREAD_US,-1.4616758363367475e-09,-4.207024600011792e-09,-5.291287548218838e-09,-3.5714513375064135e-09,-4.793026623663088e-09,-1.9511733180297092e-07,-4.1923007578337216e-07,1.0659981653685935e-07,8.60054073638749e-09,1.354328716878494e-08,-1.0839872257003146e-08,-1.0950762031239869e-08,-1.495982419528146e-08,-4.0239865933090055e-09,-1.4349509896919664e-08,6.588281896107911e-07
USD_1,5.543641988869932e-08,7.838048350724136e-08,9.359913709289868e-08,5.092357179852096e-08,9.098575758553127e-08,-5.008964310100903e-07,-3.260154273650444e-07,-1.1230589294776674e-06,1.8750995976078948e-07,-1.0839872257003146e-08,1.152852057800536e-07,1.1050970113198215e-07,1.3699694343261781e-07,5.8400527856828406e-08,1.3683479447290221e-07,2.277225593630496e-07
USD_10,7.19671325049013e-08,1.536277258711196e-07,1.3744285694681587e-07,1.2494527279453683e-07,1.5238095346866604e-07,-8.437200804645978e-07,-7.548710864981388e-07,-2.5052030900588228e-06,1.0343864679334207e-07,-1.0950762031239869e-08,1.1050970113198215e-07,1.933213399102034e-07,1.52337342503004e-07,1.5155837911844923e-07,1.9250383564156213e-07,8.320169177139376e-07
USD_2,6.851956826345408e-08,1.1317267358818591e-07,1.2212281073958103e-07,7.89120654097884e-08,1.2618161776070237e-07,-6.237509624708529e-07,-3.839135717214333e-07,-1.6497699484985997e-06,2.0474160673758136e-07,-1.495982419528146e-08,1.3699694343261781e-07,1.52337342503004e-07,1.7542949742300397e-07,8.292357164990752e-08,1.8254560886612074e-07,2.163509154951579e-07
USD_30,4.5405969638905686e-08,1.2084969440966465e-07,9.152832608297107e-08,1.1184386229368407e-07,1.0860216836780026e-07,-5.593209887707648e-07,-5.858126498569371e-07,-2.2994960103765785e-06,3.6679129619617484e-08,-4.0239865933090055e-09,5.8400527856828406e-08,1.5155837911844923e-07,8.292357164990752e-08,1.5976368955922741e-07,1.2907000746221604e-07,6.831353826992632e-07
USD_5,7.806814969329001e-08,1.4916413213178906e-07,1.4663785723139006e-07,1.1206233562891217e-07,1.568187727629156e-07,-8.891020326493269e-07,-6.987337365424851e-07,-2.254291843445066e-06,1.645282298056484e-07,-1.4349509896919664e-08,1.3683479447290221e-07,1.9250383564156213e-07,1.8254560886612074e-07,1.2907000746221604e-07,2.1243193865806495e-07,6.942154953603441e-07
VOL_US,9.449969803531448e-07,1.4519063773965495e-06,1.7296900132408195e-06,1.0126683961488872e-06,1.617704701622427e-06,-6.657426539468406e-05,-9.644756744867818e-05,-9.280952288156909e-06,2.969705517037997e-06,6.588281896107911e-07,2.277225593630496e-07,8.320169177139376e-07,2.163509154951579e-07,6.831353826992632e-07,6.942154953603441e-07,0.0002266406326349622
