date,pnl
2025-07-11,-428018.2971032102
2025-07-14,291846.26221437065
2025-07-15,-424148.28024383134
2025-07-16,330653.1036554098
2025-07-17,624675.1156453476
2025-07-18,-221873.49495248805
2025-07-21,114030.58242641517
2025-07-22,-111493.32501000795
2025-07-23,61811.677011406944
2025-07-24,30389.658885107354
2025-07-25,679468.9716515341
2025-07-28,-69896.01153030462
2025-07-29,460778.9013362996
2025-07-30,-115780.27284378203
2025-07-31,8419.285435640522
2025-08-01,-601588.6383851308
2025-08-06,412526.2213500912
2025-08-07,-221364.4691417357
2025-08-08,171783.6493007621
2025-08-11,140359.46875519678
2025-08-12,298516.0488396022
2025-08-13,301612.2419120034
2025-08-14,-10020.098008439452
2025-08-15,-176723.83555989296
2025-08-18,-66585.64290555754
2025-08-19,92991.1685123458
2025-08-20,54180.837304179055
2025-08-21,23963.954781892488
2025-08-22,690599.6073615318
2025-08-25,-442945.83195279894
2025-08-26,371372.2040499585
2025-08-27,144220.9134920968
2025-08-28,-112706.38206263076
2025-08-29,-116048.43601337107
2025-09-03,495472.32234472904
2025-09-04,710425.9998008779
2025-09-05,219952.02904836065
2025-09-08,177570.63577320258
2025-09-09,106625.75954980384
2025-09-10,375486.02103221265
2025-09-11,519151.00234516326
2025-09-12,-183642.01677815442
2025-09-15,253223.18447945954
2025-09-16,-292895.2788756661
2025-09-17,-78948.82551891168
2025-09-18,337981.52522819774
2025-09-19,354695.44906217506
2025-09-25,-123394.10688583543
2025-09-26,172153.04727469574
2025-09-29,390671.6749431172
2025-10-02,244810.18299555863
2025-10-03,210020.41485384136
2025-10-06,32765.6120059007
2025-10-07,-155996.95482918053
2025-10-08,212957.73765063065
2025-10-09,-95616.35414994117
2025-10-10,-942450.2438684128
2025-10-15,359011.60147849796
2025-10-16,-69354.06802057789
2025-10-17,-277852.58904255676
2025-10-20,610022.8709648646
2025-10-21,-383915.01629421936
2025-10-22,-194722.73703507526
2025-10-23,202988.27296476258
2025-10-24,506736.8777411867
2025-10-27,406546.6531575735
2025-10-28,100721.74102104797
2025-10-29,-658814.988064821
2025-10-30,-153037.8091850575
2025-10-31,314179.0761340333
2025-11-03,176921.6180289232
2025-11-04,-571245.7806477577
2025-11-05,343514.7728757265
2025-11-06,-367681.157054115
2025-11-07,-277980.60062746773
2025-11-10,633193.2647382355
2025-11-13,-1023110.1538075506
2025-11-14,-9243.504287186372
2025-11-17,-386858.1933433602
2025-11-18,-401712.57417823834
2025-11-19,409237.44835034135
2025-11-20,-414232.0314730335
2025-11-21,580465.5138588654
2025-11-24,836572.778003079
2025-11-25,602039.0513650541
2025-11-26,272540.19054106495
2025-12-01,-605093.4279848295
2025-12-02,90798.25948887557
2025-12-03,122090.76034704332
2025-12-04,169255.12394362997
2025-12-05,-695834.1588778821
2025-12-08,-341570.48557576013
2025-12-09,-26454.3200334762
2025-12-10,472198.99320550956
2025-12-11,-77666.64301189367
2025-12-12,-568449.0916369009
2025-12-15,5522.103194575018
2025-12-16,-288886.1271759871
2025-12-17,-256546.28780452462
2025-12-18,490094.899304584
2025-12-19,411772.3519499785
2025-12-22,157470.27187790454
2025-12-23,83657.5124915962
2025-12-24,42487.58766111298
2025-12-30,-94008.72153094919
2025-12-31,-429909.82706028916
2026-01-05,751466.5460096963
2026-01-06,363151.6008480746
2026-01-07,-61757.78184793903
2026-01-08,309564.49418822175
2026-01-09,561188.3750523103
2026-01-12,85937.81222565536
2026-01-13,57576.909835069
2026-01-14,-70526.7417106279
2026-01-15,215133.28568265183
2026-01-16,-104250.37050403119
2026-01-21,442037.4018866272
2026-01-22,150472.56111144854
2026-01-23,-154318.74547625214
2026-01-26,133652.58709409216
2026-01-27,-312856.2201673865
2026-01-28,-231608.91523746197
2026-01-29,-279511.2048951767
2026-01-30,-621497.5925193869
2026-02-02,786730.6947128484
2026-02-03,-291474.44132575294
2026-02-04,18596.429831115638
2026-02-05,-417428.3716357119
2026-02-06,827061.8081828105
2026-02-09,148499.6516903913
2026-02-10,120306.35924251199
2026-02-11,-8610.988264427706
2026-02-12,-531276.0574488807
2026-02-13,548054.2968855621
2026-02-18,569535.156229658
2026-02-23,-290780.69344157306
2026-02-24,374150.6447968915
2026-02-25,288427.0771866996
2026-02-26,110762.91389719235
2026-02-27,-370000.84508556727
2026-03-02,211945.79506977345
2026-03-03,-743374.7786106018
2026-03-04,156594.57979520288
2026-03-05,-379796.25044883596
2026-03-06,-1010278.3749165155
2026-03-09,195308.81588728155
2026-03-10,-195924.77573441912
2026-03-11,-350710.8633252825
2026-03-12,-651933.960800615
2026-03-13,-5378.151822021613
2026-03-16,534547.7214557269
2026-03-17,293067.00461551256
2026-03-18,-956998.1712499292
2026-03-19,-282317.05772001034
2026-03-20,-1268411.3545423686
2026-03-23,945315.5336722891
2026-03-24,-31627.078114984295
2026-03-25,857321.6368447804
2026-03-26,-981444.3322063099
2026-03-27,-407149.4710804432
2026-03-30,326683.1454040168
2026-03-31,1580978.5365652058
2026-04-01,114955.14159509835
2026-04-02,347360.9427039241
2026-04-07,79435.94913538826
2026-04-10,101149.67633714016
2026-04-13,487773.4809253343
2026-04-14,463715.30411365046
2026-04-15,230988.4372120988
2026-04-16,-239826.18199506067
2026-04-17,668309.8567881305
2026-04-20,-59868.56928504253
2026-04-21,-694695.0893617647
2026-04-22,467340.4568477365
2026-04-23,-86098.30581118142
2026-04-24,289756.55225418706
2026-04-27,-420393.29678323894
2026-04-28,-76774.43762791003
2026-04-29,-387782.8871122682
2026-04-30,627963.9225471617
2026-05-01,-118422.28726894064
2026-05-04,-285172.09738432
2026-05-05,297824.5459246536
2026-05-06,979348.2250241649
2026-05-07,-328681.9691866944
2026-05-08,837209.4985011374
2026-05-11,-115472.31227726903
2026-05-12,58358.61022952161
2026-05-13,-17711.73629071776
2026-05-14,600738.0915981951
2026-05-15,-878975.0529310347
2026-05-20,949649.269711213
2026-05-21,436170.2121328827
2026-05-22,318721.77268377785
2026-05-27,-61782.32337576577
2026-05-28,194774.51281876033
2026-05-29,198399.31183679227
2026-06-01,286157.6548593265
2026-06-02,384942.41103633685
2026-06-03,-336010.74950302654
2026-06-04,521423.6465506327
2026-06-05,-1236611.648171954
2026-06-08,46650.02038133548
2026-06-09,29303.610090887785
2026-06-10,-693556.5155572958
2026-06-11,1380221.141481142
2026-06-12,186635.70961925882
2026-06-15,814041.2206213495
2026-06-16,-11785.267449770536
2026-06-17,-480417.62951404246
2026-06-18,709481.5837759505
2026-06-23,-198144.175926479
2026-06-24,238496.99825641327
2026-06-25,1479.6833330987229
2026-06-26,-318870.2538838211
2026-06-29,594649.0142441255
2026-06-30,133126.13413331623
2026-07-07,-325411.70880898664
2026-07-08,-526966.2443117934
2026-07-09,507951.91539649863
2026-07-10,119405.24613136571
2026-07-13,-335426.8916390875
2026-07-14,-145705.38491266183
2026-07-15,212586.54614379257
2026-07-16,-215417.53178288043
2026-07-17,-451615.0888198647
2026-07-20,-230613.02565638843
2026-07-21,579229.2074604996
2026-07-22,-160196.1933064264
2026-07-23,-707570.197825892
2026-07-24,298020.4836478812
2026-07-27,385131.1449835462
2026-07-28,327427.2484321532
2026-07-29,-1043864.749187369
2026-07-30,295553.3515454874
2026-07-31,-65628.64140030062
2026-08-05,-10442.27670350216
2026-08-06,-263518.97041310737
2026-08-07,11833.614883103184
2026-08-10,-131693.55187260604
2026-08-11,-151284.7562300063
2026-08-12,241318.18747995674
2026-08-13,587586.1367404731
2026-08-14,-522261.69511537626
2026-08-17,-364610.4650240631
2026-08-18,-256106.89204377713
2026-08-19,-132888.12457539045
2026-08-20,-646211.0456625617
2026-08-21,116795.37837692471
2026-08-24,461270.94213453884
2026-08-25,481107.43957324454
2026-08-26,-8038.446264474079
