check_id,severity,record,description,action
OUTLIER,WARN,CAD_1,Daily move exceeds eight robust standard deviations: 2026-04-29,Review the original observation and corporate actions
OUTLIER,WARN,CAD_2,Daily move exceeds eight robust standard deviations: 2025-08-15,Review the original observation and corporate actions
DUPLICATE_TRADE,PASS,portfolio,No exceptions in evaluated scope,
SECURITY_MAPPING,PASS,portfolio,No exceptions in evaluated scope,
TRADE_TERMS,PASS,portfolio,No exceptions in evaluated scope,
CASH_RECON,PASS,portfolio,No exceptions in evaluated scope,
BOND_TERMS,PASS,portfolio,No exceptions in evaluated scope,
OPTION_TERMS,PASS,portfolio,No exceptions in evaluated scope,
CLASSIFICATION,PASS,portfolio,No exceptions in evaluated scope,
MISSING_PRICE,PASS,portfolio,No exceptions in evaluated scope,
STALE_PRICE,PASS,portfolio,No exceptions in evaluated scope,
MISSING_FX,PASS,portfolio,No exceptions in evaluated scope,
STALE_FX,PASS,portfolio,No exceptions in evaluated scope,
MISSING_FACTOR,PASS,portfolio,No exceptions in evaluated scope,
STALE_FACTOR,PASS,portfolio,No exceptions in evaluated scope,
CURVE_DATA,PASS,portfolio,No exceptions in evaluated scope,
FACTOR_CONSISTENCY,PASS,portfolio,No exceptions in evaluated scope,
RETURN_HISTORY,PASS,portfolio,No exceptions in evaluated scope,
SHORT_POSITION,PASS,portfolio,No exceptions in evaluated scope,
POSITION_RECON,PASS,portfolio,No exceptions in evaluated scope,
VALUE_RECON,PASS,portfolio,No exceptions in evaluated scope,
DATA_PROVENANCE,PASS,portfolio,No exceptions in evaluated scope,
OBSERVATION_KEYS,PASS,portfolio,No exceptions in evaluated scope,
FUTURE_DATA,PASS,portfolio,No exceptions in evaluated scope,
INPUT_UNITS,PASS,portfolio,No exceptions in evaluated scope,
